log,p1,s1,p2,s2,p3
https://dps.report/rn7M-20230304-183455_sam,34.616,21.603
https://dps.report/kiIb-20230304-183754_sam,34.805,19.239
https://dps.report/k2zo-20230304-183954_sam,33.808,19.294
https://dps.report/VGkQ-20230304-184246_sam,33.186,19.138,41.997
https://dps.report/AtMk-20230304-184422_sam,34.013
https://dps.report/UZJk-20230304-184710_sam,34.523,20.155
https://dps.report/eA83-20230304-185022_sam,33.886,20.713,41.691
https://dps.report/rUEG-20230304-185423_sam,33.483,20.813,41.882,19.924
https://dps.report/ArUD-20230304-185805_sam,33.65,20.131,41.042
https://dps.report/R3Mv-20230304-185928_sam
https://dps.report/Q3aU-20230304-190144_sam,33.807,19.659
https://dps.report/BshO-20230304-190615_sam,33.612,19.828,41.296,23.536,45.092
https://dps.report/HYZe-20230304-190921_sam
https://dps.report/CWk9-20230304-191304_sam,34.355,19.374,43.195,20.322
https://dps.report/Tq9m-20230304-191656_sam,33.719,19.561,41.41,20.995,44.827
https://dps.report/Lnam-20230304-192044_sam,33.604,19.019
https://dps.report/12Xu-20230304-192431_sam,34.131,19.476,43.959,20.349,44.709
https://dps.report/2jnL-20230304-192735_sam,35.207
https://dps.report/h6oe-20230304-192954_sam,34.555,19.092
https://dps.report/dlHw-20230304-193228_sam,34.171,19.287
https://dps.report/cXpE-20230304-193401_sam,34.366
https://dps.report/CDXl-20230304-193522_sam,35.392
https://dps.report/J7Gc-20230304-193906_sam,34.197,19.079,41.607,20.207,46.502
https://dps.report/10at-20230304-194135_sam
https://dps.report/n1Ge-20230304-194425_sam,33.256,20.675,44.276
https://dps.report/H3f2-20230304-194814_sam,33.956,19.555,43.764,19.875
https://dps.report/Xi0B-20230304-195242_sam,33.612,19.439,42.129,21.598,46.304
https://dps.report/j6Ux-20230304-195704_sam,34.001,19.449,43.831,21.417
https://dps.report/KR7D-20230304-200103_sam,34.32,18.851,44.751,19.541,54.819
